PDBID,CHAIN,WILD,POSITION,MUTANT,DDG,PH,SOURCE,,
1S40,A,Y,61,A,-0.703495141,7.5,literature,,
1S40,A,I,83,A,-0.439268286,7.5,literature,,
1S40,A,Y,66,A,-0.146380522,7.5,literature,,
1S40,A,Y,70,A,0.476975027,7.5,literature,,
1S40,A,Y,131,A,0.729497777,7.5,literature,,
1S40,A,F,44,A,0.745719497,7.5,literature,,
1S40,A,K,127,A,1.607063949,7.5,literature,,
1S40,A,Y,27,A,2.084475933,7.5,literature,,
3BDN,A,E,34,K,-3.79488133,7.3,literature,,
3BDN,A,G,48,N,-0.63563758,7.3,literature,,
3BDN,A,G,48,S,-1.898306666,7.3,literature,,
3BDN,A,E,83,K,-2.586956815,7.3,literature,,
2HDD,A,Y,25,A,0.455560494,7.6,literature,,
2HDD,A,R,53,K,1.322783643,7.6,literature,,
2HDD,A,K,55,A,-0.154031623,7.6,literature,,
2HDD,A,K,57,A,-0.029408363,7.6,literature,,
2HDD,A,K,58,A,0.100508194,7.6,literature,,
3LWH,A,L,28,M,0.612336297,7.5,literature,,
4R56,A,L,28,A,2.638452093,7.5,literature,,
4R56,A,L,28,V,1.636087092,7.5,literature,,
3LWI,A,L,28,F,0.543457126,7.5,literature,,
2GIG,A,F,138,Q,0.060075579,7.5,literature,,
2GIE,A,Q,138,F,-0.191099849,7.5,literature,,
4IUF,A,W,113,A,1.018123408,7.5,literature,,
4IUF,A,T,115,A,0.08299673,7.5,literature,,
4IUF,A,F,147,L,0.734268598,7.5,literature,,
4IUF,A,F,149,L,0.847456257,7.5,literature,,
4IUF,A,D,169,A,-0.250203592,7.5,literature,,
4IUF,A,D,169,G,-0.220273823,7.5,literature,,
4IUF,A,R,171,A,1.062734478,7.5,literature,,
4IUF,A,N,179,A,0.135552289,7.5,literature,,
2ERE,A,V,38,D,-0.211171459,7.5,ProNIT,,
2ERE,A,H,50,C,-0.10794453,7.5,ProNIT,,
2ERE,A,Y,77,A,0.302437258,7.5,ProNIT,,
2ERE,A,V,38,A,0.669853149,7.5,ProNIT,,
2ERE,A,K,44,H,0.712819046,7.5,ProNIT,,
2ERE,A,Q,42,L,0.952877003,7.5,ProNIT,,
2ERE,A,F,73,K,0.952877003,7.5,ProNIT,,
2ERE,A,R,79,A,0.991087407,7.5,ProNIT,,
2ERE,A,F,73,A,1.339089894,7.5,ProNIT,,
3MVA,O,R,169,A,1.872112015,7.5,literature,,
3MVA,O,R,202,A,1.417119158,7.5,literature,,
3MVA,O,R,251,A,0.776887524,7.5,literature,,
3MVA,O,R,350,A,0.445943168,7.5,literature,,
3MVA,O,R,387,A,1.890909015,7.5,literature,,
5X11,A,R,2,A,0,8,literature,,
5X11,A,Y,20,A,1.677000561,8,literature,,
5X11,A,W,34,A,0.213307561,8,literature,,
5X11,A,K,37,A,0.274690974,8,literature,,
5X11,A,H,38,A,0.707084805,8,literature,,
5X11,A,S,39,A,0.305283686,8,literature,,
5X11,A,Q,40,A,0.027866591,8,literature,,
5X11,A,K,95,A,0.884923498,8,literature,,
5X11,A,Q,61,A,0.110317502,8,literature,,
5X11,A,K,64,A,0.626171767,8,literature,,
5X11,A,L,65,A,1.303252462,8,literature,,
5X11,A,K,67,A,2.46562501,8,literature,,
5X11,A,K,68,A,1.048811877,8,literature,,
5X11,A,H,154,A,0.431403728,8,literature,,
5X11,A,R,164,A,0.42447902,8,literature,,
5X11,A,Q,32,A,-0.03678548,8,literature,,
5X11,A,Q,32,E,0.172104451,8,literature,,
2CCZ,A,W,47,A,0.650439745,7,literature,,
2CCZ,A,R,13,A,0.588060444,7,literature,,
2CCZ,A,K,18,A,0.439268286,7,literature,,
2CCZ,A,K,82,A,0.952877003,7,literature,,
2CCZ,A,K,84,A,0.820763576,7,literature,,
2CCZ,A,K,89,A,0.83538298,7,literature,,
4GAT,A,L,22,A,2.032495537,6.5,literature,,
6GAT,A,V,22,L,-0.732890656,6.5,literature,,
5Z2T,D,Q,54,E,0.864345877,7.5,literature,,
5Z2T,C,N,55,E,1.203798674,7.5,literature,,
5Z2T,C,R,59,E,1.320646466,7.5,literature,,
2LD5,A,I,53,A,1.043465781,7.5,literature,,
2LD5,A,N,57,A,2.808921127,7.5,literature,,
2LD5,A,V,60,A,0.540914291,7.5,literature,,
2LD5,A,V,60,G,1.719968138,7.5,literature,,
4ATI,A,I,212,N,-0.542495215,7.5,literature,,
1HJC,A,D,66,A,0.234519509,7.5,literature,,
1HJC,A,N,109,A,0.886441247,7.5,literature,,
1HJC,A,D,110,A,-0.132940899,7.5,literature,,
1HJC,A,E,111,A,-0.14127985,7.5,literature,,
1HJC,A,Y,113,A,0.030616507,7.5,literature,,
1HJC,A,R,142,A,0.343020221,7.5,literature,,
1HJC,A,K,144,M,-0.030542599,7.5,literature,,
1HJC,A,T,149,A,0.021118082,7.5,literature,,
1VFC,A,K,447,R,-0.54686465,6.8,literature,,
1VFC,A,A,471,S,-0.260184156,6.8,literature,,
1VFC,A,A,484,S,-0.182048091,6.8,literature,,
1VFC,A,R,496,K,0.012530749,6.8,literature,,
1JK1,A,D,176,A,0.311476453,7.8,literature,,
5Z6Z,A,R,20,A,1.007875282,8,literature,,
5Z6Z,A,R,23,A,0.338022133,8,literature,,
5Z6Z,A,W,26,A,0.053803413,8,literature,,
5Z6Z,A,N,69,A,0.424617695,8,literature,,
5Z6Z,A,R,95,A,0.222330412,8,literature,,
5Z6Z,A,R,98,A,0.476026711,8,literature,,
5Z6Z,A,N,144,A,0.582993444,8,literature,,
5Z6Z,A,R,148,A,0.725774832,8,literature,,
1IO4,C,S,114,L,0.312645369,7.5,literature,,
1IO4,C,R,139,Q,1.585902088,7.5,literature,,
1IO4,C,K,83,R,-0.214860292,7.5,literature,,
1IO4,C,H,179,K,-0.493128653,7.5,literature,,
1HJB,C,S,114,L,0.211171459,7.5,literature,,
1HJB,C,R,139,Q,0.654453698,7.5,literature,,
1HJB,C,K,83,R,-0.012207768,7.5,literature,,
1HJB,C,H,179,K,-0.199210329,7.5,literature,,
6FQP,A,P,192,A,1.860334497,7.5,literature,,
6FQP,A,R,219,C,1.360977263,7.5,literature,,
2KO0,A,S,21,T,1.152087333,7.2,literature,,
2KO0,A,Y,8,C,-0.033840969,7.2,literature,,
2KO0,A,R,29,Q,0.729040767,7.2,literature,,
2KO0,A,F,81,L,0.153645101,7.2,literature,,
2KO0,A,A,39,T,1.190297737,7.2,literature,,
2KO0,A,G,9,C,0.315449997,7.2,literature,,
2KO0,A,D,17,G,-0.256736687,7.2,literature,,
2KO0,A,S,6,F,1.042260271,7.2,literature,,
2KO0,A,N,12,K,0.062379301,7.2,literature,,
3HDD,A,Q,50,A,0.519574065,7.5,ProNIT,,
3HDD,A,Q,50,K,0.828210917,7.5,ProNIT,,
2HDD,A,K,50,Q,3.241470354,7.5,ProNIT,,
1QP9,A,G,63,S,0.109769048,7.5,literature,,
1AZQ,A,V,26,A,1.031935035,7.5,literature,,
1AZQ,A,M,29,A,0.952877003,7.5,literature,,
1BDT,A,F,10,V,4.295993362,7.5,literature,,
6BLW,A,R,342,M,1.363258791,7.5,literature,,
6B0O,A,M,342,R,-0.364224208,7.5,literature,,
1PUF,A,P,211,N,0.393703058,7.5,ProNIT,,
1PUF,A,Y,212,F,0.282365649,7.5,ProNIT,,
1PUF,A,T,217,V,0.340647662,7.5,ProNIT,,
1PUF,A,R,206,S,-0.291573545,7.5,ProNIT,,
4RBO,A,F,102,A,0.109614646,8,literature,,
4RBO,A,L,122,A,-0.851660452,8,literature,,
4RBO,A,Q,124,A,0.31238801,8,literature,,
4RBO,A,M,125,A,0.256550828,8,literature,,
4RBO,A,Y,136,A,0.626549528,8,literature,,
4RBO,A,K,140,A,0.467722286,8,literature,,
4RBO,A,Q,144,A,0.03883725,8,literature,,
4RBO,A,M,148,A,-0.201220707,8,literature,,
4RBO,A,K,151,A,0.467722286,8,literature,,
2UZK,A,K,242,A,0.17879259,7.6,literature,,
2UZK,A,K,245,A,0.325272026,7.6,literature,,
2UZK,A,S,253,D,0.367739507,7.6,literature,,
6J5B,A,R,227,A,3.037235476,8,literature,,
6J5B,A,S,272,A,3.559659082,8,literature,,
6J5B,A,K,271,A,1.976413943,8,literature,,
6J5B,A,K,276,A,-0.109614646,8,literature,,
6J5B,A,K,276,D,3.084625223,8,literature,,
6KKS,A,K,55,A,2.213185205,7.5,literature,,
6KKS,A,L,59,A,-0.04835795,7.5,literature,,
6KKS,A,N,106,A,1.850299413,7.5,literature,,
6KKS,A,K,109,A,1.810216222,7.5,literature,,
6KKS,A,N,110,A,1.981494212,7.5,literature,,
7CBY,C,R,230,L,2.506574767,7.5,literature,,
7CBY,C,C,238,Y,-0.008771357,7.5,literature,,
7CBY,C,R,244,L,1.345584172,7.5,literature,,
7CBY,C,G,252,V,1.112216182,7.5,literature,,
7CBY,C,G,267,S,-0.218681781,7.5,literature,,
7CBY,C,R,275,P,1.260860492,7.5,literature,,
4BNC,A,Y,396,F,5.439505676,7.5,literature,,
4BNC,A,Y,397,F,4.825120069,7.5,literature,,
4BNC,A,C,416,S,0.315449997,7.5,literature,,
1NWQ,A,Y,285,A,0.820763576,7.5,literature,,
1NWQ,A,R,289,A,2.316135795,7.5,literature,,
1NWQ,A,N,293,R,0.572863706,7.5,literature,,
1NWQ,A,V,296,A,0.030368491,7.5,literature,,
5KL2,A,Q,369,R,0.820763576,7.5,literature,,
5KL2,A,Q,369,K,0.650439745,7.5,literature,,
6S6H,A,E,230,A,0.859814372,7.4,literature,,
6S6H,A,K,245,A,2.197327552,7.4,literature,,
3OD8,A,D,45,A,0.035181979,8,literature,,
3OD8,A,Q,40,A,0.411890211,8,literature,,
3OD8,A,V,48,A,0.976562393,8,literature,,
3SPD,A,H,138,A,0.564324629,7.5,literature,,
3SPD,A,S,142,A,0.817278835,7.5,literature,,
3TMM,A,T,35,A,0.13995534,7.5,literature,,
3TMM,A,Y,120,A,0.425001192,7.5,literature,,
4HF1,A,E,43,A,0.152649212,7.9,literature,,
4HF1,A,Q,44,A,0.716291524,7.9,literature,,
4HF1,A,S,40,A,1.363258791,7.9,literature,,
5DWB,A,Q,86,A,0.965889742,8.3,literature,,
5DWB,A,D,142,A,0.580705619,8.3,literature,,
5DWB,A,D,178,A,0.062379301,8.3,literature,,
5DWB,A,S,138,A,0.170323831,8.3,literature,,
5DWB,A,D,177,A,1.821030326,8.3,literature,,
5DWB,A,D,223,A,0.170323831,8.3,literature,,
6O6P,A,L,98,A,0.369788863,8,literature,,
6O6P,A,F,123,A,-0.447167268,8,literature,,
3C2I,A,L,100,V,0.210576129,7.5,literature,,
3C2I,A,R,106,W,0.239065407,7.5,literature,,
3C2I,A,R,106,Q,0.740003011,7.5,literature,,
3C2I,A,R,111,G,0.658320803,7.5,literature,,
3C2I,A,R,133,C,0.654885742,7.5,literature,,
3C2I,A,R,133,H,0.270971642,7.5,literature,,
3C2I,A,S,134,C,0.382201468,7.5,literature,,
3C2I,A,P,152,R,0.543089947,7.5,literature,,
3C2I,A,F,155,S,0.472463499,7.5,literature,,
3C2I,A,D,156,E,0.145643358,7.5,literature,,
3C2I,A,T,158,M,-0.074401151,7.5,literature,,
3C2I,A,T,158,A,0.760117243,7.5,literature,,
1AAY,A,D,120,A,-0.3,7.8,PremPDI,,
1AAY,A,E,121,A,0.2,7.8,PremPDI,,
1AAY,A,R,118,A,2.7,7.8,PremPDI,,
1AAY,A,R,124,A,3.54,7.8,PremPDI,,
1B3T,A,R,522,A,4.4,7.5,PremPDI,,
1B3T,A,Y,518,A,2.62,7.5,PremPDI,,
1B3T,A,R,469,A,3.41,7.5,PremPDI,,
1B72,A,L,215,T,0.25,7.5,PremPDI,,
1B72,A,N,209,T,-0.22,7.5,PremPDI,,
1B72,A,F,210,Y,0.06,7.5,PremPDI,,
1BP7,A,Y,33,H,0.9,7.5,PremPDI,,
1BP7,A,S,32,K,1.15,7.5,PremPDI,,
1BP7,A,Q,26,A,1,7.5,PremPDI,,
1CKQ,A,A,138,T,-1.520397756,7.3,PremPDI,,
1CKQ,A,E,192,K,-2.33127656,7.3,PremPDI,,
1CKQ,A,H,114,Y,-1.723117457,7.3,PremPDI,,
1CKT,A,F,37,A,0.436609921,7.5,PremPDI,,
1EWQ,A,E,41,A,-0.324351521,7.8,PremPDI,,
1HCQ,A,S,23,A,0.64,7,PremPDI,,
1HCQ,A,D,12,A,0.3,7,PremPDI,,
1HCQ,A,S,15,A,0.55,7,PremPDI,,
1HCQ,A,H,18,A,0.92,7,PremPDI,,
1HCQ,A,Y,19,A,1.22,7,PremPDI,,
1HCQ,A,E,25,A,0.84,7,PremPDI,,
1HCQ,A,K,28,A,1.21,7,PremPDI,,
1HCQ,A,K,32,A,1.24,7,PremPDI,,
1J5N,A,K,60,A,0.393402606,7.5,PremPDI,,
1J5N,A,K,58,A,0,7.5,PremPDI,,
1J5N,A,K,67,A,0.295051954,7.5,PremPDI,,
1J5N,A,R,36,A,0.786805212,7.5,PremPDI,,
1J5N,A,L,25,D,0.885155863,7.5,PremPDI,,
1J5N,A,R,40,A,0.68845456,7.5,PremPDI,,
1J5N,A,N,33,A,0.68845456,7.5,PremPDI,,
1J5N,A,P,18,A,0.393402606,7.5,PremPDI,,
1J5N,A,K,22,A,0.68845456,7.5,PremPDI,,
1J5N,A,Y,88,A,0.393402606,7.5,PremPDI,,
1J5N,A,Y,81,A,0.196701303,7.5,PremPDI,,
1J5N,A,M,29,A,0.491753257,7.5,PremPDI,,
1J5N,A,K,85,A,0.196701303,7.5,PremPDI,,
1J5N,A,A,74,D,1.367074056,7.5,PremPDI,,
1J5N,A,K,54,A,0,7.5,PremPDI,,
1J5N,A,K,53,A,0.491753257,7.5,PremPDI,,
1J5N,A,K,78,A,0.393402606,7.5,PremPDI,,
1J5N,A,Y,28,A,0.885155863,7.5,PremPDI,,
1J5N,A,F,48,A,0.393402606,7.5,PremPDI,,
1J5N,A,R,23,A,0.590103909,7.5,PremPDI,,
1MSE,C,V,107,H,0.545762402,7.5,PremPDI,,
1MSE,C,E,141,A,-0.032745744,7.5,PremPDI,,
1MSE,C,E,141,G,0.294711697,7.5,PremPDI,,
1MSE,C,S,116,A,0.654914882,7.5,PremPDI,,
1MSE,C,N,139,G,1.167931539,7.5,PremPDI,,
1MSE,C,C,130,I,0.327457441,7.5,PremPDI,,
1MSE,C,N,139,A,0.327457441,7.5,PremPDI,,
1MSE,C,H,121,L,0,7.5,PremPDI,,
1MSE,C,P,140,G,1.135185795,7.5,PremPDI,,
1MSE,C,P,140,A,1.015118067,7.5,PremPDI,,
1MSE,C,V,103,I,1.091524803,7.5,PremPDI,,
1MSE,C,K,128,M,2.368608823,7.5,PremPDI,,
1MSE,C,V,117,E,0.436609921,7.5,PremPDI,,
1MSE,C,S,187,A,0.218304961,7.5,PremPDI,,
1MSE,C,S,187,G,0.382033681,7.5,PremPDI,,
1QZG,A,T,62,A,2.086996211,8,PremPDI,,
1QZG,A,D,64,A,1.570626015,8,PremPDI,,
1QZG,A,Y,115,A,1.925630525,8,PremPDI,,
1QZG,A,S,123,A,1.301683204,8,PremPDI,,
1QZG,A,L,122,A,2.538820134,8,PremPDI,,
1RUN,A,D,53,H,-2.09,7.8,PremPDI,,
1RUN,A,D,138,S,0.7,7.8,PremPDI,,
1RUN,A,D,138,K,-1.63,7.8,PremPDI,,
1RUN,A,L,148,R,-1.9,7.8,PremPDI,,
1RUN,A,H,159,L,0.2,7.8,PremPDI,,
1RUN,A,D,138,G,1.1,7.8,PremPDI,,
1RUN,A,Y,99,F,-0.08,7.8,PremPDI,,
1RUN,A,D,138,T,-0.1,7.8,PremPDI,,
1RUN,A,Y,99,A,-0.09,7.8,PremPDI,,
1RUN,A,D,138,Q,-0.1,7.8,PremPDI,,
1RUN,A,K,52,N,-0.04,7.8,PremPDI,,
1RUN,A,E,181,A,1.2,7.8,PremPDI,,
1TRO,A,A,77,V,-1.62,7.6,PremPDI,,
2A0I,A,K,220,A,0.8,7.5,PremPDI,,
2A0I,A,H,221,A,2.82,7.5,PremPDI,,
2A0I,A,R,242,A,1.2,7.5,PremPDI,,
2A0I,A,D,147,A,0.3,7.5,PremPDI,,
2A0I,A,K,265,A,1.8,7.5,PremPDI,,
2A0I,A,T,148,A,0.3,7.5,PremPDI,,
2A0I,A,S,149,A,3.41,7.5,PremPDI,,
2A0I,A,D,19,A,-0.3,7.5,PremPDI,,
2A0I,A,E,187,A,2.1,7.5,PremPDI,,
2A0I,A,S,3,A,4.15,7.5,PremPDI,,
2A0I,A,R,254,A,3.17,7.5,PremPDI,,
2A0I,A,M,223,A,2.7,7.5,PremPDI,,
2A0I,A,T,158,A,0.9,7.5,PremPDI,,
2A0I,A,R,8,A,1.7,7.5,PremPDI,,
2A0I,A,R,237,A,4.39,7.5,PremPDI,,
2A0I,A,Q,155,A,2.2,7.5,PremPDI,,
2A0I,A,E,153,A,1.7,7.5,PremPDI,,
2A0I,A,R,150,A,2.92,7.5,PremPDI,,
2MXF,A,K,102,A,0.272,7.5,PremPDI,,
2MXF,A,K,97,A,0.297,7.5,PremPDI,,
2MXF,A,K,81,A,0.283,7.5,PremPDI,,
2MXF,A,K,108,A,0.752,7.5,PremPDI,,
2MXF,A,K,105,A,0.622,7.5,PremPDI,,
2MXF,A,N,100,A,0.773,7.5,PremPDI,,
2MXF,A,R,80,A,1.338,7.5,PremPDI,,
2VYE,A,K,50,A,2.013771107,7.4,PremPDI,,
2VYE,A,R,117,A,2.034112229,7.4,PremPDI,,
2VYE,A,R,120,A,2.135817841,7.4,PremPDI,,
2VYE,A,R,145,A,2.003600546,7.4,PremPDI,,
2VYE,A,R,330,A,3.508843595,7.4,PremPDI,,
2VYE,A,R,332,A,2.92912161,7.4,PremPDI,,
2VYE,A,R,344,A,3.519014157,7.4,PremPDI,,
2XRO,A,Q,51,A,0,8,PremPDI,,
3UFD,A,R,46,A,2.047,7.4,PremPDI,,
3UFD,A,S,52,A,0.971,7.4,PremPDI,,
3UFD,A,Y,37,A,1.418,7.4,PremPDI,,
3UFD,A,Y,37,F,0,7.4,PremPDI,,
4ATK,A,I,212,M,0.276,7.5,PremPDI,,
4ATK,A,H,209,R,0.539,7.5,PremPDI,,
4ATK,A,I,212,L,0.297,7.5,PremPDI,,
4ATK,A,I,212,V,0.447,7.5,PremPDI,,
4ATK,A,I,212,N,0.253,7.5,PremPDI,,
4BNC,A,Y,395,F,-0.096,7.5,PremPDI,,
4BNC,A,D,387,A,-0.276,7.5,PremPDI,,
4BNC,A,R,391,A,2.252,7.5,PremPDI,,
4RDU,A,Q,186,H,1.443,7.5,PremPDI,,
4RDU,A,Q,178,P,0.432,7.5,PremPDI,,
2I05,A,R,198,A,3.239323725,7.6,PremPDI,,
2I05,A,H,144,A,1.807308716,7.6,PremPDI,,
3ODC,A,R,138,A,3.267,8,PremPDI,,
3ODC,A,R,122,A,2.598,8,PremPDI,,
3ODC,A,I,154,A,1.926,8,PremPDI,,
3ODC,A,L,151,A,0.757,8,PremPDI,,
3OSF,A,R,84,A,3.92,7.4,PremPDI,,
3OSF,A,F,52,A,2.81,7.4,PremPDI,,
3OSF,A,K,49,A,2.47,7.4,PremPDI,,
3OSF,A,K,138,A,2.46,7.4,PremPDI,,
3OSF,A,R,87,A,2.37,7.4,PremPDI,,
3OSF,A,N,139,A,2.28,7.4,PremPDI,,
3OSF,A,K,51,A,2,7.4,PremPDI,,
3OSG,A,F,52,A,3.332,7.4,PremPDI,,
3OSG,A,K,49,A,3.12,7.4,PremPDI,,
3OSG,A,R,87,A,2.916,7.4,PremPDI,,
3OSG,A,N,139,A,2.576,7.4,PremPDI,,
3OSG,A,K,51,A,2.334,7.4,PremPDI,,
3OSG,A,K,138,A,2.003,7.4,PremPDI,,
3PVV,A,K,436,A,2.919,7.5,PremPDI,,
3QMG,A,R,213,A,2.328,7.5,PremPDI,,
3QMG,A,Y,216,A,0.678,7.5,PremPDI,,
3RN2,A,F,165,A,0.949,7.4,PremPDI,,
3RN2,A,K,251,A,0.576,7.4,PremPDI,,
3RN2,A,K,309,A,0.535,7.4,PremPDI,,
3RN2,A,R,244,A,0.427,7.4,PremPDI,,
3RN2,A,K,204,A,0.383,7.4,PremPDI,,
3RN2,A,K,160,A,0.338,7.4,PremPDI,,
3RN2,A,K,335,A,0.216,7.4,PremPDI,,
3RN2,A,R,311,A,0.066,7.4,PremPDI,,
3RN2,A,K,198,A,0.017,7.4,PremPDI,,
3RN5,A,K,251,A,0.005,7.4,PremPDI,,
3RNU,A,K,627,A,0.552,7.4,PremPDI,,
3SZQ,A,F,65,A,0.674,7.5,PremPDI,,
3VOK,A,E,70,A,0.24,8,PremPDI,,
3WTS,C,Y,329,A,0.330261772,7.2,PremPDI,,
3WTS,A,V,170,A,0.109728667,7.2,PremPDI,,
4B5F,A,R,208,A,0.236,7.5,PremPDI,,
4B5F,A,N,207,A,-0.066,7.5,PremPDI,,
4BNC,A,R,394,A,4.105,7.5,PremPDI,,
4BXO,B,K,24,A,1.457,8,PremPDI,,
4L0Z,A,L,198,A,1.369,7.5,PremPDI,,
4L0Z,A,L,201,A,1.342,7.5,PremPDI,,
4L0Z,A,F,194,A,1.272,7.5,PremPDI,,
4L5R,C,K,104,A,0.336,7.4,PremPDI,,
4L5R,C,N,236,A,0.125,7.4,PremPDI,,
4L5R,C,K,241,A,0.034,7.4,PremPDI,,
4QJU,A,R,55,A,1.718,7.5,PremPDI,,
4QTJ,A,R,38,A,1.197333393,8,PremPDI,,
4QTJ,A,R,65,A,1.197333393,8,PremPDI,,
4QTJ,A,S,75,A,1.197333393,8,PremPDI,,
4QTJ,A,R,76,A,1.197333393,8,PremPDI,,
4QTJ,A,L,82,A,1.197333393,8,PremPDI,,
4QTJ,A,T,210,A,0.595977269,8,PremPDI,,
4QTJ,A,T,208,A,0.277548981,8,PremPDI,,
4QTJ,A,S,73,A,0.076379758,8,PremPDI,,
4QTJ,A,I,77,A,-0.020439654,8,PremPDI,,
4R56,A,K,31,A,0.932,7.5,PremPDI,,
4R56,A,P,30,A,0.747,7.5,PremPDI,,
4R56,A,K,34,A,0.335,7.5,PremPDI,,
4R56,A,R,33,A,0.172,7.5,PremPDI,,
4WCG,A,R,258,A,0.159,6.5,PremPDI,,
4WUL,A,D,190,A,-0.433,7.5,PremPDI,,
4XR0,A,H,144,A,4.701,7.6,PremPDI,,
4XR0,A,R,198,A,1.266,7.6,PremPDI,,
4ZSF,A,K,85,A,2.585,8.3,PremPDI,,
4ZSF,A,D,145,A,1.046,8.3,PremPDI,,
4ZSF,A,D,175,A,0.44,8.3,PremPDI,,
4ZSF,A,R,130,A,0.175,8.3,PremPDI,,
4ZSF,A,W,262,A,-0.042,8.3,PremPDI,,
4ZSF,A,E,128,A,-0.166,8.3,PremPDI,,
4ZSF,A,R,259,A,-0.22,8.3,PremPDI,,
5D8C,A,C,54,A,0.76,7.6,PremPDI,,
5E24,B,F,237,A,2.922,6.5,PremPDI,,
5E24,B,L,235,A,2.041,6.5,PremPDI,,
5E24,B,W,258,A,1.47,6.5,PremPDI,,
5E24,B,L,247,A,1.363,6.5,PremPDI,,
5E24,E,L,445,A,1.192,6.5,PremPDI,,
5E24,B,L,245,A,0.952,6.5,PremPDI,,
5E24,E,L,514,A,0.65,6.5,PremPDI,,
5E24,E,L,434,A,0,6.5,PremPDI,,
5E24,E,L,436,A,0,6.5,PremPDI,,
5E24,E,V,479,A,0,6.5,PremPDI,,
5E24,E,I,482,A,-0.41,6.5,PremPDI,,
5E24,E,F,516,A,-0.41,6.5,PremPDI,,
5E24,E,Y,518,A,-0.41,6.5,PremPDI,,
5ED4,A,Y,205,A,0.075,7.5,PremPDI,,
5EXH,C,K,88,A,0.616,7.5,PremPDI,,
5EXH,C,Q,82,A,0.137,7.5,PremPDI,,
5EXH,C,T,80,A,-0.029,7.5,PremPDI,,
5KUB,A,W,109,A,0.267,7.5,PremPDI,,
5KUB,A,D,113,A,-0.091,7.5,PremPDI,,
5KUB,A,W,187,A,-0.187,7.5,PremPDI,,
